{
    "model": {
        "xml": "bestModel.xml",
        "bin": "bestModel.bin"
    },
    "nn_config": {
        "output_format": "detection",
        "NN_family": "YOLO",
        "input_size": "480x640",
        "NN_specific_metadata": {
            "classes": 7,
            "coordinates": 4,
            "anchors": [],
            "anchor_masks": {},
            "iou_threshold": 0.5,
            "confidence_threshold": 0.5
        }
    },
    "mappings": {
        "labels": [
            "black",
            "blue",
            "empty",
            "green",
            "red",
            "white",
            "yellow"
        ]
    },
    "version": 1
}